ham	Go until jurong point, crazy.. Available only in bugis n great world la e buffet... Cine there got amore wat...
ham	Ok lar... Joking wif u oni...
spam	Free entry in 2 a wkly comp to win FA Cup final tkts 21st May 2005. Text FA to 87121 to receive entry question(std txt rate)T&C's apply 08452810075over18's
spam	WINNER!! As a valued network customer you have been selected to receivea £900 prize reward! To claim call 09061701461. Claim code KL341. Valid 12 hours only.
ham	Nah I don't think he goes to usf, he lives around here though
spam	FreeMsg Hey there darling it's been 3 week's now and no word back! I'd like some fun you up for it still? Tb ok! XxX std chgs to send, £1.50 to rcv
spam	Urgent! call 09061749602 from Landline. Your complimentary 4* Tenerife Holiday or £10,000 cash await collection SAE T&Cs BOX 528 HP20 1YF 150ppm 18+
ham	As per your request 'Melle Melle (Oru Minnaminunginte Nurungu Vettam)' has been set as your callertune for all Callers. Press *9 to copy your friends Callertune
spam	WINNER!! As a valued network customer you have been selected to receivea £900 prize reward! To claim call 09061701461. Claim code KL341. Valid 12 hours only.
spam	Had your mobile 11 months or more? U R entitled to Update to the latest colour mobiles with camera for Free! Call The Mobile Update Co FREE on 08002986030
ham	I'm gonna be home soon and i don't want to talk about this stuff anymore tonight, k? I've cried enough today.
spam	SIX chances to win CASH! From 100 to 20,000 pounds txt> CSH11 and send to 87575. Cost 150p/day, 6days, 16+ TsandCs apply Reply HL 4 info
spam	URGENT! You have won a 1 week FREE membership in our £100,000 Prize Jackpot! Txt the word: CLAIM to No: 81010 T&C www.dbuk.net LCCLTD POBOX 4403LDNW1A7RW18
ham	I've been searching for the right words to thank you for this breather. I promise i wont take your help for granted and will fulfil my promise. You have been wonderful and a blessing at all times.
ham	I HAVE A DATE ON SUNDAY WITH WILL!!
spam	XXXMobileMovieClub: To use your credit, click the WAP link in the next txt message or click here>> http://wap. xxxmobilemovieclub.com?n=QJKGIGHJJGCBL
spam	Loan for any purpose £500 - £75,000. Homeowners + Tenants welcome. Have you been previously refused? We can still help. Call Free 0800 1956669 or text back 'help'
ham	Eh u remember how 2 spell his name... Yes i did. He v naughty make until i v wet.
spam	This is the 2nd time we have tried 2 contact u. U have won the £750 Pound prize. 2 claim is easy, call 087187272008 NOW1! Only 10p per minute. BT-national-rate.
spam	England v Macedonia - dont miss the goals/team news. Txt ur national team to 87077 eg ENGLAND to 87077 Try:WALES, SCOTLAND 4txt/ú1.20 POBOXox36504W45WQ 16+
ham	Is that seriously how you spell his name?
ham	I‘m going to try for 2 months ha ha only joking
ham	So ü pay first lar... Then when is da stock comin...
ham	Aft i finish my lunch then i go str down lor. Ard 3 smth lor. U finish ur lunch already?
ham	Ffffffffff. Alright no way I can meet up with you sooner?
ham	Just forced myself to eat a slice. I'm really not hungry tho. This sucks. Mark is getting worried. He knows I'm sick when I turn down pizza. Lol
ham	Lol your always so convincing.
ham	Did you catch the bus ? Are you frying an egg ? Did you make a tea? Are you eating your mom's left over dinner ? Do you feel my Love ?
ham	I'm back &amp; we're packing the car now, I'll let you know if there's room
ham	Ahhh. Work. I vaguely remember that! What does it feel like? Lol
ham	Wait that's still not all that clear, were you not sure about me being sarcastic or that that's why x doesn't want to live with us
ham	Yeah he got in at 2 and was v apologetic. n had fallen out and she was actin like spoilt child and he got caught up in that. Till 2! But we won't go there! Not doing too badly cheers. You?
ham	K tell me anything about you.
ham	For fear of fainting with the of all that housework you just did? Quick have a cuppa
spam	Thanks for your subscription to Ringtone UK your mobile will be charged £5/month Please confirm by replying YES or NO. If you reply NO you will not be charged
ham	Yup... Ok i go home look at the timings then i msg ü again... Xuhui going to learn on 2nd may too but her lesson is at 8am
ham	Oops, I'll let you know when my roommate's done
spam	we tried to contact you re your response to our offer of a new nokia fone and camcorder hit reply or call 08000930705 for delivery
ham	Anything lor... U decide...
ham	Hello! How's you and how did saturday go? I was just texting to see if you'd decided to do anything tomo. Not that i'm trying to invite myself or anything!
ham	Pls go ahead with watts. I just wanted to be sure. Do have a great weekend. Abiola
spam	Congrats! 1 year special cinema pass for 2 is yours. call 09061209465 now! C Suprman V, Matrix3, StarWars3, etc all 4 FREE! bx420-ip4-5we. 150pm. Dont miss out!
spam	07732584351 - Rodger Burns - MSG = We tried to call you re your reply to our sms for a free nokia mobile + free camcorder. Please call now 08000930705 for delivery tomorrow
spam	December only! Had your mobile 11mths+? You are entitled to update to the latest colour camera mobile for Free! Call The Mobile Update Co FREE on 08002986906
ham	Great! I hope you like your man well endowed. I am  &lt;#&gt;  inches...
ham	No calls..messages..missed calls
spam	You are a winner U have been specially selected 2 receive £1000 or a 4* holiday (flights inc) speak to a live operator 2 claim 0871277810910p/min (18+) 
spam	Please call our customer service representative on FREEPHONE 0808 145 4742 between 9am-11pm as you have WON a guaranteed £1000 cash or £5000 prize!
ham	Yeah hopefully, if tyler can't do it I could maybe ask around a bit
ham	U don't know how stubborn I am. I didn't even want to go to the hospital. I kept telling Mark I'm not a weak sucker. Hospitals are for weak suckers.
spam	Congratulations! Thanks to a good friend U have WON the £2,000 Xmas prize. 2 claim is easy, just call 08718726978 NOW! Only 10p per minute. BT-national-rate.
ham	A gram usually runs like  &lt;#&gt; , a half eighth is smarter though and gets you almost a whole second gram for  &lt;#&gt;
ham	K fyi x has a ride early tomorrow morning but he's crashing at our place tonight
ham	Wow. I never realized that you were so embarassed by your accomodations. I thought you liked it, since i was doing the best i could and you always seemed so happy about "the cave". I'm sorry I didn't and don't have more to give. I'm sorry i offered. I'm sorry your room was so embarassing.
spam	SMS. ac Sptv: The New Jersey Devils and the Detroit Red Wings play Ice Hockey. Correct or Incorrect? End? Reply END SPTV
ham	Do you know what Mallika Sherawat did yesterday? Find out now @  &lt;URL&gt;
spam	Congrats! 1 year special cinema pass for 2 is yours. call 09061209465 now! C Suprman V, Matrix3, StarWars3, etc all 4 FREE! bx420-ip4-5we. 150pm. Dont miss out!
ham	Sorry, I'll call later in meeting.
ham	Tell where you reached
ham	Yes..gauti and sehwag out of odi series.
ham	Your gonna have to pick up a $1 burger for yourself on your way home. I can't even move. Pain is killing me.
ham	Ha ha ha good joke. Girls are situation seekers.
ham	Its a part of checking IQ
ham	Sorry my roommates took forever, it ok if I come by now?
ham	Ok lar i double check wif da hair dresser already he said wun cut v short. He said will cut until i look nice.
spam	As a valued customer, I am pleased to advise you that following recent review of your Mob No. you are awarded with a £1500 Bonus Prize, call 09066364589
ham	Today is "song dedicated day.." Which song will u dedicate for me? Send this to all ur valuable frnds but first rply me... are giving so much and i really wish each day for a miracle but God as a reason for everything and i must say i wish i knew why but i dont. I've looked up to you since i was young and i still do. Have a great day.
ham	Ya, i'm referin to mei's ex wat... No ah, waitin 4 u to treat, somebody shld b rich liao...So gd, den u dun have to work frm tmr onwards...
ham	Miles and smiles r made frm same letters but do u know d difference..? smile on ur face keeps me happy even though I am miles away from u.. :-)keep smiling.. Good nyt
ham	By the way, i've put a skip right outside the front of the house so you can see which house it is. Just pull up before it.
ham	Can you pls send me that company name. In saibaba colany
ham	No. I dont want to hear anything
ham	You are a big chic. Common. Declare
spam	You are being contacted by our dating service by someone you know! To find out who it is, call from a land line 09050000878. PoBox45W2TG150P
ham	Going to join tomorrow.
spam	You are awarded a SiPix Digital Camera! call 09061221061 from landline. Delivery within 28days. T Cs Box177. M221BP. 2yr warranty. 150ppm. 16 . p p£3.99
ham	I want to tell you how bad I feel that basically the only times I text you lately are when I need drugs
spam	PRIVATE! Your 2003 Account Statement for shows 800 un-redeemed S.I.M. points. Call 08718738001 Identifier Code: 49557 Expires 26/11/04
spam	You are awarded a SiPix Digital Camera! call 09061221061 from landline. Delivery within 28days. T Cs Box177. M221BP. 2yr warranty. 150ppm. 16 . p p£3.99
ham	Its just the effect of irritation. Just ignore it
spam	8007 FREE for 1st week! No1 Nokia tone 4 ur mob every week just txt NOKIA to 8007 Get txting and tell ur mates www.getzed.co.uk POBox 36504 W4 5WQ norm 150p/tone 16+
spam	Congratulations ur awarded either £500 of CD gift vouchers & Free entry 2 our £100 weekly draw txt MUSIC to 87066 TnCs www.Ldew.com 1 win150ppmx3age16
ham	Compliments to you. Was away from the system. How your side.
ham	happened here while you were adventuring
spam	For the most sparkling shopping breaks from 45 per person; call 0121 2025050 or visit www.shortbreaks.org.uk
ham	Ok which your another number
ham	I know you are thinkin malaria. But relax, children cant handle malaria. She would have been worse and its gastroenteritis. If she takes enough to replace her loss her temp will reduce. And if you give her malaria meds now she will just vomit. Its a self limiting illness she has which means in a few days it will completely stop
ham	Aiyah ok wat as long as got improve can already wat...
spam	Want explicit SEX in 30 secs? Ring 02073162414 now! Costs 20p/min Gsex POBOX 2667 WC1N 3XX
ham	I can't believe how attached I am to seeing you every day. I know you will do the best you can to get to me babe. I will go to teach my class at your midnight
ham	Just sleeping..and surfing
spam	ASKED 3MOBILE IF 0870 CHATLINES INCLU IN FREE MINS. INDIA CUST SERVs SED YES. L8ER GOT MEGA BILL. 3 DONT GIV A SHIT. BAILIFF DUE IN DAYS. I O £250 3 WANT £800
ham	Yeah it's jus rite...
ham	Armand says get your ass over to epsilon
ham	U still havent got urself a jacket ah?
spam	You are being contacted by our dating service by someone you know! To find out who it is, call from a land line 09050000928. PoBox45W2TG150P
ham	Hi its in durban are you still on this number
ham	Ic. There are a lotta childporn cars then.
spam	Had your contract mobile 11 Mnths? Latest Motorola, Nokia etc. all FREE! Double Mins & Text on Orange tariffs. TEXT YES for callback, no to remove from records.
spam	Loan for any purpose £500 - £75,000. Homeowners + Tenants welcome. Have you been previously refused? We can still help. Call Free 0800 1956669 or text back 'help'
ham	You know, wot people wear. T shirts, jumpers, hat, belt, is all we know. We r at Cribbs
ham	Cool, what time you think you can get here?
spam	Congratulations YOU'VE Won. You're a Winner in our August £1000 Prize Draw. Call 09066660100 NOW. Prize Code 2309.
ham	Have a safe trip to Nigeria. Wish you happiness and very soon company to share moments with
spam	"URGENT! This is the 2nd attempt to contact U!U have WON £1000CALL 09071512432 b4 300603t&csBCM4235WC1N3XX.callcost150ppmmobilesvary. max£7. 50"
spam	INTERFLORA - ìIt's not too late to order Interflora flowers for christmas call 0800 505060 to place your order before Midnight tomorrow.
ham	Yeh. Indians was nice. Tho it did kane me off a bit he he. We shud go out 4 a drink sometime soon. Mite hav 2 go 2 da works 4 a laugh soon. Love Pete x x
spam	Speak to a live operator to claim call 087147123779am-7pm. Cost 10p
ham	No. I meant the calculation is the same. That  &lt;#&gt; units at  &lt;#&gt; . This school is really expensive. Have you started practicing your accent. Because its important. And have you decided if you are doing 4years of dental school or if you'll just do the nmde exam.
spam	SIX chances to win CASH! From 100 to 20,000 pounds txt> CSH11 and send to 87575. Cost 150p/day, 6days, 16+ TsandCs apply Reply HL 4 info
spam	Congratulations! Thanks to a good friend U have WON the £2,000 Xmas prize. 2 claim is easy, just call 08718726978 NOW! Only 10p per minute. BT-national-rate
ham	Anything lor. Juz both of us lor.
spam	Want a new Video Phone? 750 anytime any network mins? Half price line rental free text for 3 months? Reply or call 08000930705 for free delivery
spam	Had your mobile 11 months or more? U R entitled to Update to the latest colour mobiles with camera for Free! Call The Mobile Update Co FREE on 08002986030
spam	Urgent! call 09061749602 from Landline. Your complimentary 4* Tenerife Holiday or £10,000 cash await collection SAE T&Cs BOX 528 HP20 1YF 150ppm 18+
spam	Dear 0776xxxxxxx U've been invited to XCHAT. This is our final attempt to contact u! Txt CHAT to 86688 150p/MsgrcvdHG/Suite342/2Lands/Row/W1J6HL LDN 18yrs
spam	cash await collection SAE T&Cs PO Box 3 WA14 2PX 150ppm 18+ Sender: Hol Offer
